[
	{
		"Product": "HT-1022",
		"ProductImage": "FOL39000000000004EXT41000000000032",
		"FileName": "Image of the Easy Hand VII",
		"MIMEType": "",
		"Description": "Image of the Easy Hand VII",
		"CreationDateTime": "20161017230032",
		"LastChangedDateTime": "20161017230032"
	},
	{
		"Product": "HT-1023",
		"ProductImage": "FOL39000000000004EXT41000000000033",
		"FileName": "Image of the Easy Power",
		"MIMEType": "",
		"Description": "Image of the Easy Power",
		"CreationDateTime": "20161017230033",
		"LastChangedDateTime": "20161017230033"
	},
	{
		"Product": "HT-1032",
		"ProductImage": "FOL39000000000004EXT41000000000034",
		"FileName": "Image of the Beam Screen",
		"MIMEType": "",
		"Description": "Image of the Beam Screen",
		"CreationDateTime": "20161017230034",
		"LastChangedDateTime": "20161017230034"
	},
	{
		"Product": "HT-1036",
		"ProductImage": "FOL39000000000004EXT41000000000035",
		"FileName": "Image of the Flat Future",
		"MIMEType": "",
		"Description": "Image of the Flat Future",
		"CreationDateTime": "20161017230035",
		"LastChangedDateTime": "20161017230035"
	},
	{
		"Product": "HT-1037",
		"ProductImage": "FOL39000000000004EXT41000000000036",
		"FileName": "Image of the Flat X-large",
		"MIMEType": "",
		"Description": "Image of the Flat X-large",
		"CreationDateTime": "20161017230036",
		"LastChangedDateTime": "20161017230036"
	},
	{
		"Product": "HT-1137",
		"ProductImage": "FOL39000000000004EXT41000000000037",
		"FileName": "Image of the Flat X-large II",
		"MIMEType": "",
		"Description": "Image of the Flat X-large II",
		"CreationDateTime": "20161017230038",
		"LastChangedDateTime": "20161017230038"
	},
	{
		"Product": "HT-6131",
		"ProductImage": "FOL39000000000004EXT41000000000038",
		"FileName": "Image of the Flat Watch HD37",
		"MIMEType": "",
		"Description": "Image of the Flat Watch HD37",
		"CreationDateTime": "20161017230039",
		"LastChangedDateTime": "20161017230039"
	},
	{
		"Product": "HT-6132",
		"ProductImage": "FOL39000000000004EXT41000000000039",
		"FileName": "Image of the Flat Watch HD41",
		"MIMEType": "",
		"Description": "Image of the Flat Watch HD41",
		"CreationDateTime": "20161017230040",
		"LastChangedDateTime": "20161017230040"
	},
	{
		"Product": "HT-9999",
		"ProductImage": "FOL39000000000004EXT41000000000041",
		"FileName": "Image of tablet pc",
		"MIMEType": "",
		"Description": "Image of tablet pc",
		"CreationDateTime": "20161017230043",
		"LastChangedDateTime": "20161017230043"
	},
	{
		"Product": "HT-9998",
		"ProductImage": "FOL39000000000004EXT41000000000042",
		"FileName": "Image of smartphone",
		"MIMEType": "",
		"Description": "Image of smartphone",
		"CreationDateTime": "20161017230044",
		"LastChangedDateTime": "20161017230044"
	},
	{
		"Product": "HT-1252",
		"ProductImage": "FOL39000000000004EXT41000000000043",
		"FileName": "Image of the Astro Phone 6",
		"MIMEType": "",
		"Description": "Image of the Astro Phone 6",
		"CreationDateTime": "20161017230046",
		"LastChangedDateTime": "20161017230046"
	},
	{
		"Product": "HT-1252",
		"ProductImage": "FOL39000000000004EXT41000000000044",
		"FileName": "Image of the Astro Phone 6",
		"MIMEType": "",
		"Description": "Image of the Astro Phone 6",
		"CreationDateTime": "20161017230047",
		"LastChangedDateTime": "20161017230047"
	},
	{
		"Product": "HT-1252",
		"ProductImage": "FOL39000000000004EXT41000000000045",
		"FileName": "Image of the Astro Phone 6",
		"MIMEType": "",
		"Description": "Image of the Astro Phone 6",
		"CreationDateTime": "20161017230048",
		"LastChangedDateTime": "20161017230048"
	},
	{
		"Product": "HT-1000",
		"ProductImage": "FOL39000000000004EXT40000000025510",
		"FileName": "Image of HT-1000",
		"MIMEType": "",
		"Description": "Image of HT-1000",
		"CreationDateTime": "20150825114103",
		"LastChangedDateTime": "20150825114103"
	},
	{
		"Product": "HT-1001",
		"ProductImage": "FOL39000000000004EXT40000000025511",
		"FileName": "Image of the Notebook Basic 17",
		"MIMEType": "",
		"Description": "Image of the Notebook Basic 17",
		"CreationDateTime": "20150825114107",
		"LastChangedDateTime": "20150825114107"
	},
	{
		"Product": "HT-1002",
		"ProductImage": "FOL39000000000004EXT40000000025512",
		"FileName": "Image of the Notebook Basic 18",
		"MIMEType": "",
		"Description": "Image of the Notebook Basic 18",
		"CreationDateTime": "20150825114107",
		"LastChangedDateTime": "20150825114107"
	},
	{
		"Product": "HT-1003",
		"ProductImage": "FOL39000000000004EXT40000000025513",
		"FileName": "Image of the Notebook Basic 19",
		"MIMEType": "",
		"Description": "Image of the Notebook Basic 19",
		"CreationDateTime": "20150825114108",
		"LastChangedDateTime": "20150825114108"
	},
	{
		"Product": "HT-1007",
		"ProductImage": "FOL39000000000004EXT40000000025514",
		"FileName": "Image of the 1UMTS PDA",
		"MIMEType": "",
		"Description": "Image of the 1UMTS PDA",
		"CreationDateTime": "20150825114109",
		"LastChangedDateTime": "20150825114109"
	},
	{
		"Product": "HT-1010",
		"ProductImage": "FOL39000000000004EXT40000000025515",
		"FileName": "Image of the Notebook Professional 15",
		"MIMEType": "",
		"Description": "Image of the Notebook Professional 15",
		"CreationDateTime": "20150825114109",
		"LastChangedDateTime": "20150825114109"
	},
	{
		"Product": "HT-1011",
		"ProductImage": "FOL39000000000004EXT40000000025516",
		"FileName": "Image of the Notebook Professional 17",
		"MIMEType": "",
		"Description": "Image of the Notebook Professional 17",
		"CreationDateTime": "20150825114110",
		"LastChangedDateTime": "20150825114110"
	},
	{
		"Product": "HT-1020",
		"ProductImage": "FOL39000000000004EXT40000000025517",
		"FileName": "Image of the Easy Hand III",
		"MIMEType": "",
		"Description": "Image of the Easy Hand III",
		"CreationDateTime": "20150825114110",
		"LastChangedDateTime": "20150825114110"
	},
	{
		"Product": "HT-1021",
		"ProductImage": "FOL39000000000004EXT40000000025518",
		"FileName": "Image of the Easy Hand V",
		"MIMEType": "",
		"Description": "Image of the Easy Hand V",
		"CreationDateTime": "20150825114111",
		"LastChangedDateTime": "20150825114111"
	},
	{
		"Product": "HT-1030",
		"ProductImage": "FOL39000000000004EXT40000000025521",
		"FileName": "Image of the Ergo Screen",
		"MIMEType": "",
		"Description": "Image of the Ergo Screen",
		"CreationDateTime": "20150825114113",
		"LastChangedDateTime": "20150825114113"
	},
	{
		"Product": "HT-1031",
		"ProductImage": "FOL39000000000004EXT40000000025522",
		"FileName": "Image of the Easy Pixel",
		"MIMEType": "",
		"Description": "Image of the Easy Pixel",
		"CreationDateTime": "20150825114114",
		"LastChangedDateTime": "20150825114114"
	},
	{
		"Product": "HT-1035",
		"ProductImage": "FOL39000000000004EXT40000000025524",
		"FileName": "Image of the Flat Basic 15",
		"MIMEType": "",
		"Description": "Image of the Flat Basic 15",
		"CreationDateTime": "20150825114115",
		"LastChangedDateTime": "20150825114115"
	},
	{
		"Product": "HT-6121",
		"ProductImage": "FOL39000000000004EXT41000000000052",
		"FileName": "Image of the Basic Booster B",
		"MIMEType": "",
		"Description": "Image of the Basic Booster B",
		"CreationDateTime": "20161020230125",
		"LastChangedDateTime": "20161020230125"
	},
	{
		"Product": "HT-8000",
		"ProductImage": "FOL39000000000004EXT41000000000053",
		"FileName": "Image of the USB Stick 2 GB",
		"MIMEType": "",
		"Description": "Image of the USB Stick 2 GB",
		"CreationDateTime": "20161020230128",
		"LastChangedDateTime": "20161020230128"
	},
	{
		"Product": "HT-1040",
		"ProductImage": "FOL39000000000004EXT40000000025527",
		"FileName": "Image of the Laser Professional Eco",
		"MIMEType": "",
		"Description": "Image of the Laser Professional Eco",
		"CreationDateTime": "20150825114117",
		"LastChangedDateTime": "20150825114117"
	},
	{
		"Product": "HT-1041",
		"ProductImage": "FOL39000000000004EXT40000000025528",
		"FileName": "Image of the Laser Basic",
		"MIMEType": "",
		"Description": "Image of the Laser Basic",
		"CreationDateTime": "20150825114118",
		"LastChangedDateTime": "20150825114118"
	},
	{
		"Product": "HT-1042",
		"ProductImage": "FOL39000000000004EXT40000000025529",
		"FileName": "Image of the Laser Allround",
		"MIMEType": "",
		"Description": "Image of the Laser Allround",
		"CreationDateTime": "20150825114118",
		"LastChangedDateTime": "20150825114118"
	},
	{
		"Product": "HT-1050",
		"ProductImage": "FOL39000000000004EXT40000000025530",
		"FileName": "Image of the Deskjet Super Color",
		"MIMEType": "",
		"Description": "Image of the Deskjet Super Color",
		"CreationDateTime": "20150825114119",
		"LastChangedDateTime": "20150825114119"
	},
	{
		"Product": "HT-1051",
		"ProductImage": "FOL39000000000004EXT40000000025531",
		"FileName": "Image of the Deskjet Mobile",
		"MIMEType": "",
		"Description": "Image of the Deskjet Mobile",
		"CreationDateTime": "20150825114120",
		"LastChangedDateTime": "20150825114120"
	},
	{
		"Product": "HT-1052",
		"ProductImage": "FOL39000000000004EXT40000000025532",
		"FileName": "Image of the Deskjet Super Highspeed",
		"MIMEType": "",
		"Description": "Image of the Deskjet Super Highspeed",
		"CreationDateTime": "20150825114120",
		"LastChangedDateTime": "20150825114120"
	},
	{
		"Product": "HT-1055",
		"ProductImage": "FOL39000000000004EXT40000000025533",
		"FileName": "Image of the Multi Print",
		"MIMEType": "",
		"Description": "Image of the Multi Print",
		"CreationDateTime": "20150825114121",
		"LastChangedDateTime": "20150825114121"
	},
	{
		"Product": "HT-1056",
		"ProductImage": "FOL39000000000004EXT40000000025534",
		"FileName": "Image of the Multi Color",
		"MIMEType": "",
		"Description": "Image of the Multi Color",
		"CreationDateTime": "20150825114122",
		"LastChangedDateTime": "20150825114122"
	},
	{
		"Product": "HT-1060",
		"ProductImage": "FOL39000000000004EXT40000000025535",
		"FileName": "Image of the Cordless Mouse",
		"MIMEType": "",
		"Description": "Image of the Cordless Mouse",
		"CreationDateTime": "20150825114122",
		"LastChangedDateTime": "20150825114122"
	},
	{
		"Product": "HT-1061",
		"ProductImage": "FOL39000000000004EXT40000000025536",
		"FileName": "Image of the Speed Mouse",
		"MIMEType": "",
		"Description": "Image of the Speed Mouse",
		"CreationDateTime": "20150825114123",
		"LastChangedDateTime": "20150825114123"
	},
	{
		"Product": "HT-1062",
		"ProductImage": "FOL39000000000004EXT40000000025537",
		"FileName": "Image of the Track Mouse",
		"MIMEType": "",
		"Description": "Image of the Track Mouse",
		"CreationDateTime": "20150825114124",
		"LastChangedDateTime": "20150825114124"
	},
	{
		"Product": "HT-1063",
		"ProductImage": "FOL39000000000004EXT40000000025538",
		"FileName": "Image of the Ergonomic",
		"MIMEType": "",
		"Description": "Image of the Ergonomic",
		"CreationDateTime": "20150825114125",
		"LastChangedDateTime": "20150825114125"
	},
	{
		"Product": "HT-1064",
		"ProductImage": "FOL39000000000004EXT40000000025539",
		"FileName": "Image of the Internet Keyboard",
		"MIMEType": "",
		"Description": "Image of the Internet Keyboard",
		"CreationDateTime": "20150825114125",
		"LastChangedDateTime": "20150825114125"
	},
	{
		"Product": "HT-1065",
		"ProductImage": "FOL39000000000004EXT40000000025540",
		"FileName": "Image of the Media Keyboard",
		"MIMEType": "",
		"Description": "Image of the Media Keyboard",
		"CreationDateTime": "20150825114126",
		"LastChangedDateTime": "20150825114126"
	},
	{
		"Product": "HT-1066",
		"ProductImage": "FOL39000000000004EXT40000000025541",
		"FileName": "Image of the Mousepad",
		"MIMEType": "",
		"Description": "Image of the Mousepad",
		"CreationDateTime": "20150825114127",
		"LastChangedDateTime": "20150825114127"
	},
	{
		"Product": "HT-1067",
		"ProductImage": "FOL39000000000004EXT40000000025542",
		"FileName": "Image of the Ergo Mousepad",
		"MIMEType": "",
		"Description": "Image of the Ergo Mousepad",
		"CreationDateTime": "20150825114127",
		"LastChangedDateTime": "20150825114127"
	},
	{
		"Product": "HT-1068",
		"ProductImage": "FOL39000000000004EXT40000000025543",
		"FileName": "Image of the Designer Mousepad",
		"MIMEType": "",
		"Description": "Image of the Designer Mousepad",
		"CreationDateTime": "20150825114128",
		"LastChangedDateTime": "20150825114128"
	},
	{
		"Product": "HT-1069",
		"ProductImage": "FOL39000000000004EXT40000000025544",
		"FileName": "Image of the universal card reader",
		"MIMEType": "",
		"Description": "Image of the universal card reader",
		"CreationDateTime": "20150825114129",
		"LastChangedDateTime": "20150825114129"
	},
	{
		"Product": "HT-1070",
		"ProductImage": "FOL39000000000004EXT40000000025545",
		"FileName": "Image of the Proctra X",
		"MIMEType": "",
		"Description": "Image of the Proctra X",
		"CreationDateTime": "20150825114130",
		"LastChangedDateTime": "20150825114130"
	},
	{
		"Product": "HT-1071",
		"ProductImage": "FOL39000000000004EXT40000000025546",
		"FileName": "Image of the Gladiator MX",
		"MIMEType": "",
		"Description": "Image of the Gladiator MX",
		"CreationDateTime": "20150825114130",
		"LastChangedDateTime": "20150825114130"
	},
	{
		"Product": "HT-1072",
		"ProductImage": "FOL39000000000004EXT40000000025547",
		"FileName": "Image of the Hurricane GX",
		"MIMEType": "",
		"Description": "Image of the Hurricane GX",
		"CreationDateTime": "20150825114131",
		"LastChangedDateTime": "20150825114131"
	},
	{
		"Product": "HT-1073",
		"ProductImage": "FOL39000000000004EXT40000000025548",
		"FileName": "Image of the Psimax",
		"MIMEType": "",
		"Description": "Image of the Psimax",
		"CreationDateTime": "20150825114132",
		"LastChangedDateTime": "20150825114132"
	},
	{
		"Product": "HT-1080",
		"ProductImage": "FOL39000000000004EXT40000000025549",
		"FileName": "Image of the Photo Scan",
		"MIMEType": "",
		"Description": "Image of the Photo Scan",
		"CreationDateTime": "20150825114132",
		"LastChangedDateTime": "20150825114132"
	},
	{
		"Product": "HT-1081",
		"ProductImage": "FOL39000000000004EXT40000000025550",
		"FileName": "Image of the Power Scan",
		"MIMEType": "",
		"Description": "Image of the Power Scan",
		"CreationDateTime": "20150825114133",
		"LastChangedDateTime": "20150825114133"
	},
	{
		"Product": "HT-1082",
		"ProductImage": "FOL39000000000004EXT40000000025551",
		"FileName": "Image of the Jet Scan Professional",
		"MIMEType": "",
		"Description": "Image of the Jet Scan Professional",
		"CreationDateTime": "20150825114134",
		"LastChangedDateTime": "20150825114134"
	},
	{
		"Product": "HT-1083",
		"ProductImage": "FOL39000000000004EXT40000000025552",
		"FileName": "Image of the Jet Scan Professional",
		"MIMEType": "",
		"Description": "Image of the Jet Scan Professional",
		"CreationDateTime": "20150825114135",
		"LastChangedDateTime": "20150825114135"
	},
	{
		"Product": "HT-1085",
		"ProductImage": "FOL39000000000004EXT40000000025553",
		"FileName": "Image of the Copymaster",
		"MIMEType": "",
		"Description": "Image of the Copymaster",
		"CreationDateTime": "20150825114135",
		"LastChangedDateTime": "20150825114135"
	},
	{
		"Product": "HT-1090",
		"ProductImage": "FOL39000000000004EXT40000000025554",
		"FileName": "Image of the Surround Sound",
		"MIMEType": "",
		"Description": "Image of the Surround Sound",
		"CreationDateTime": "20150825114136",
		"LastChangedDateTime": "20150825114136"
	},
	{
		"Product": "HT-1091",
		"ProductImage": "FOL39000000000004EXT40000000025555",
		"FileName": "Image of the Blaster Extreme",
		"MIMEType": "",
		"Description": "Image of the Blaster Extreme",
		"CreationDateTime": "20150825114137",
		"LastChangedDateTime": "20150825114137"
	},
	{
		"Product": "HT-1092",
		"ProductImage": "FOL39000000000004EXT40000000025556",
		"FileName": "Image of the Sound Booster",
		"MIMEType": "",
		"Description": "Image of the Sound Booster",
		"CreationDateTime": "20150825114138",
		"LastChangedDateTime": "20150825114138"
	},
	{
		"Product": "HT-1100",
		"ProductImage": "FOL39000000000004EXT40000000025557",
		"FileName": "Image of the Smart Office",
		"MIMEType": "",
		"Description": "Image of the Smart Office",
		"CreationDateTime": "20150825114138",
		"LastChangedDateTime": "20150825114138"
	},
	{
		"Product": "HT-1101",
		"ProductImage": "FOL39000000000004EXT40000000025558",
		"FileName": "Image of the Smart Design",
		"MIMEType": "",
		"Description": "Image of the Smart Design",
		"CreationDateTime": "20150825114139",
		"LastChangedDateTime": "20150825114139"
	},
	{
		"Product": "HT-1102",
		"ProductImage": "FOL39000000000004EXT40000000025559",
		"FileName": "Image of the Smart Network",
		"MIMEType": "",
		"Description": "Image of the Smart Network",
		"CreationDateTime": "20150825114140",
		"LastChangedDateTime": "20150825114140"
	},
	{
		"Product": "HT-1103",
		"ProductImage": "FOL39000000000004EXT40000000025560",
		"FileName": "Image of the Smart Multimedia",
		"MIMEType": "",
		"Description": "Image of the Smart Multimedia",
		"CreationDateTime": "20150825114141",
		"LastChangedDateTime": "20150825114141"
	},
	{
		"Product": "HT-1104",
		"ProductImage": "FOL39000000000004EXT40000000025561",
		"FileName": "Image of the Smart Games",
		"MIMEType": "",
		"Description": "Image of the Smart Games",
		"CreationDateTime": "20150825114142",
		"LastChangedDateTime": "20150825114142"
	},
	{
		"Product": "HT-1105",
		"ProductImage": "FOL39000000000004EXT40000000025562",
		"FileName": "Image of the Smart Internet Antivirus",
		"MIMEType": "",
		"Description": "Image of the Smart Internet Antivirus",
		"CreationDateTime": "20150825114143",
		"LastChangedDateTime": "20150825114143"
	},
	{
		"Product": "HT-1106",
		"ProductImage": "FOL39000000000004EXT40000000025563",
		"FileName": "Image of the Smart Firewall",
		"MIMEType": "",
		"Description": "Image of the Smart Firewall",
		"CreationDateTime": "20150825114144",
		"LastChangedDateTime": "20150825114144"
	},
	{
		"Product": "HT-1107",
		"ProductImage": "FOL39000000000004EXT40000000025564",
		"FileName": "Image of the Smart Money",
		"MIMEType": "",
		"Description": "Image of the Smart Money",
		"CreationDateTime": "20150825114144",
		"LastChangedDateTime": "20150825114144"
	},
	{
		"Product": "HT-1110",
		"ProductImage": "FOL39000000000004EXT40000000025565",
		"FileName": "Image of the PC Lock",
		"MIMEType": "",
		"Description": "Image of the PC Lock",
		"CreationDateTime": "20150825114145",
		"LastChangedDateTime": "20150825114145"
	},
	{
		"Product": "HT-1111",
		"ProductImage": "FOL39000000000004EXT40000000025566",
		"FileName": "Image of the Notebook Lock",
		"MIMEType": "",
		"Description": "Image of the Notebook Lock",
		"CreationDateTime": "20150825114146",
		"LastChangedDateTime": "20150825114146"
	},
	{
		"Product": "HT-1112",
		"ProductImage": "FOL39000000000004EXT40000000025567",
		"FileName": "Image of the Web cam reality",
		"MIMEType": "",
		"Description": "Image of the Web cam reality",
		"CreationDateTime": "20150825114147",
		"LastChangedDateTime": "20150825114147"
	},
	{
		"Product": "HT-1113",
		"ProductImage": "FOL39000000000004EXT40000000025568",
		"FileName": "Image of the Screen Clean",
		"MIMEType": "",
		"Description": "Image of the Screen Clean",
		"CreationDateTime": "20150825114148",
		"LastChangedDateTime": "20150825114148"
	},
	{
		"Product": "HT-1114",
		"ProductImage": "FOL39000000000004EXT40000000025569",
		"FileName": "Image of the fabric bag professional",
		"MIMEType": "",
		"Description": "Image of the fabric bag professional",
		"CreationDateTime": "20150825114149",
		"LastChangedDateTime": "20150825114149"
	},
	{
		"Product": "HT-1115",
		"ProductImage": "FOL39000000000004EXT40000000025570",
		"FileName": "Image of router (blue)",
		"MIMEType": "",
		"Description": "Image of router (blue)",
		"CreationDateTime": "20150825114150",
		"LastChangedDateTime": "20150825114150"
	},
	{
		"Product": "HT-1116",
		"ProductImage": "FOL39000000000004EXT40000000025571",
		"FileName": "Image of router (blue)",
		"MIMEType": "",
		"Description": "Image of router (blue)",
		"CreationDateTime": "20150825114151",
		"LastChangedDateTime": "20150825114151"
	},
	{
		"Product": "HT-1117",
		"ProductImage": "FOL39000000000004EXT40000000025572",
		"FileName": "Image of router (blue)",
		"MIMEType": "",
		"Description": "Image of router (blue)",
		"CreationDateTime": "20150825114151",
		"LastChangedDateTime": "20150825114151"
	},
	{
		"Product": "HT-1118",
		"ProductImage": "FOL39000000000004EXT40000000025573",
		"FileName": "Image of the USB Stick 64 GB",
		"MIMEType": "",
		"Description": "Image of the USB Stick 64 GB",
		"CreationDateTime": "20150825114152",
		"LastChangedDateTime": "20150825114152"
	},
	{
		"Product": "HT-1120",
		"ProductImage": "FOL39000000000004EXT40000000025574",
		"FileName": "Image of the keyboard, english international",
		"MIMEType": "",
		"Description": "Image of the keyboard, english international",
		"CreationDateTime": "20150825114153",
		"LastChangedDateTime": "20150825114153"
	},
	{
		"Product": "HT-8001",
		"ProductImage": "FOL39000000000004EXT41000000000054",
		"FileName": "Image of the USB Stick 2 GB",
		"MIMEType": "",
		"Description": "Image of the USB Stick 2 GB",
		"CreationDateTime": "20161020230130",
		"LastChangedDateTime": "20161020230130"
	},
	{
		"Product": "HT-1138",
		"ProductImage": "FOL39000000000004EXT40000000025576",
		"FileName": "Image of pocket mouse",
		"MIMEType": "",
		"Description": "Image of pocket mouse",
		"CreationDateTime": "20150825114155",
		"LastChangedDateTime": "20150825114155"
	},
	{
		"Product": "HT-1210",
		"ProductImage": "FOL39000000000004EXT40000000025577",
		"FileName": "Image of the PC Power Station",
		"MIMEType": "",
		"Description": "Image of the PC Power Station",
		"CreationDateTime": "20150825114156",
		"LastChangedDateTime": "20150825114156"
	},
	{
		"Product": "HT-1500",
		"ProductImage": "FOL39000000000004EXT40000000025578",
		"FileName": "Image of the Server Basic",
		"MIMEType": "",
		"Description": "Image of the Server Basic",
		"CreationDateTime": "20150825114157",
		"LastChangedDateTime": "20150825114157"
	},
	{
		"Product": "HT-1501",
		"ProductImage": "FOL39000000000004EXT40000000025579",
		"FileName": "Image of the Server Professional",
		"MIMEType": "",
		"Description": "Image of the Server Professional",
		"CreationDateTime": "20150825114158",
		"LastChangedDateTime": "20150825114158"
	},
	{
		"Product": "HT-1502",
		"ProductImage": "FOL39000000000004EXT40000000025580",
		"FileName": "Image of the Server Power Pro",
		"MIMEType": "",
		"Description": "Image of the Server Power Pro",
		"CreationDateTime": "20150825114158",
		"LastChangedDateTime": "20150825114158"
	},
	{
		"Product": "HT-6130",
		"ProductImage": "FOL39000000000004EXT40000000025581",
		"FileName": "Image of the Flat Watch HD32",
		"MIMEType": "",
		"Description": "Image of the Flat Watch HD32",
		"CreationDateTime": "20150825114159",
		"LastChangedDateTime": "20150825114159"
	},
	{
		"Product": "HT-7030",
		"ProductImage": "FOL39000000000004EXT40000000025584",
		"FileName": "Image of the Platinberry",
		"MIMEType": "",
		"Description": "Image of the Platinberry",
		"CreationDateTime": "20150825114202",
		"LastChangedDateTime": "20150825114202"
	},
	{
		"Product": "HT-7020",
		"ProductImage": "FOL39000000000004EXT40000000025585",
		"FileName": "Image of the Platinberry",
		"MIMEType": "",
		"Description": "Image of the Platinberry",
		"CreationDateTime": "20150825114203",
		"LastChangedDateTime": "20150825114203"
	},
	{
		"Product": "HT-7010",
		"ProductImage": "FOL39000000000004EXT40000000025586",
		"FileName": "Image of the Silverberry",
		"MIMEType": "",
		"Description": "Image of the Silverberry",
		"CreationDateTime": "20150825114204",
		"LastChangedDateTime": "20150825114204"
	},
	{
		"Product": "HT-7000",
		"ProductImage": "FOL39000000000004EXT40000000025587",
		"FileName": "Image of the Copperberry",
		"MIMEType": "",
		"Description": "Image of the Copperberry",
		"CreationDateTime": "20150825114204",
		"LastChangedDateTime": "20150825114204"
	},
	{
		"Product": "HT-1095",
		"ProductImage": "FOL39000000000004EXT40000000025588",
		"FileName": "Image of the Lovely Sound 5.1 Wireless",
		"MIMEType": "",
		"Description": "Image of the Lovely Sound 5.1 Wireless",
		"CreationDateTime": "20150825114205",
		"LastChangedDateTime": "20150825114205"
	},
	{
		"Product": "HT-1096",
		"ProductImage": "FOL39000000000004EXT40000000025589",
		"FileName": "Image of the Lovely Sound 5.1",
		"MIMEType": "",
		"Description": "Image of the Lovely Sound 5.1",
		"CreationDateTime": "20150825114206",
		"LastChangedDateTime": "20150825114206"
	},
	{
		"Product": "HT-1097",
		"ProductImage": "FOL39000000000004EXT40000000025590",
		"FileName": "Image of the Lovely Sound Stereo",
		"MIMEType": "",
		"Description": "Image of the Lovely Sound Stereo",
		"CreationDateTime": "20150825114207",
		"LastChangedDateTime": "20150825114207"
	},
	{
		"Product": "HT-6123",
		"ProductImage": "FOL39000000000004EXT40000000025591",
		"FileName": "Image of the Power Pro Player 80 SSD",
		"MIMEType": "",
		"Description": "Image of the Power Pro Player 80 SSD",
		"CreationDateTime": "20150825114208",
		"LastChangedDateTime": "20150825114208"
	},
	{
		"Product": "HT-6122",
		"ProductImage": "FOL39000000000004EXT40000000025592",
		"FileName": "Image of the Power Pro Player 40",
		"MIMEType": "",
		"Description": "Image of the Power Pro Player 40",
		"CreationDateTime": "20150825114209",
		"LastChangedDateTime": "20150825114209"
	},
	{
		"Product": "HT-6120",
		"ProductImage": "FOL39000000000004EXT40000000025594",
		"FileName": "Image of the stick",
		"MIMEType": "",
		"Description": "Image of the stick",
		"CreationDateTime": "20150825114211",
		"LastChangedDateTime": "20150825114211"
	},
	{
		"Product": "HT-6111",
		"ProductImage": "FOL39000000000004EXT40000000025595",
		"FileName": "Image of the Record Movie",
		"MIMEType": "",
		"Description": "Image of the Record Movie",
		"CreationDateTime": "20150825114212",
		"LastChangedDateTime": "20150825114212"
	},
	{
		"Product": "HT-6110",
		"ProductImage": "FOL39000000000004EXT40000000025596",
		"FileName": "Image of the Play Movie",
		"MIMEType": "",
		"Description": "Image of the Play Movie",
		"CreationDateTime": "20150825114213",
		"LastChangedDateTime": "20150825114213"
	},
	{
		"Product": "HT-6102",
		"ProductImage": "FOL39000000000004EXT40000000025597",
		"FileName": "Image of the Beam Breaker B-3",
		"MIMEType": "",
		"Description": "Image of the Beam Breaker B-3",
		"CreationDateTime": "20150825114213",
		"LastChangedDateTime": "20150825114213"
	},
	{
		"Product": "HT-6101",
		"ProductImage": "FOL39000000000004EXT40000000025598",
		"FileName": "Image of the Beam Breaker B-2",
		"MIMEType": "",
		"Description": "Image of the Beam Breaker B-2",
		"CreationDateTime": "20150825114214",
		"LastChangedDateTime": "20150825114214"
	},
	{
		"Product": "HT-2002",
		"ProductImage": "FOL39000000000004EXT40000000025599",
		"FileName": "Image of the Portable DVD Player with 9\" LCD Monit",
		"MIMEType": "",
		"Description": "Image of the Portable DVD Player with 9\" LCD Monit",
		"CreationDateTime": "20150825114215",
		"LastChangedDateTime": "20150825114215"
	},
	{
		"Product": "HT-6100",
		"ProductImage": "FOL39000000000004EXT40000000025600",
		"FileName": "Image of the Beam Breaker B-1",
		"MIMEType": "",
		"Description": "Image of the Beam Breaker B-1",
		"CreationDateTime": "20150825114216",
		"LastChangedDateTime": "20150825114216"
	},
	{
		"Product": "HT-2027",
		"ProductImage": "FOL39000000000004EXT40000000025601",
		"FileName": "Image of the Removeable CD/DVD Laser Labels",
		"MIMEType": "",
		"Description": "Image of the Removeable CD/DVD Laser Labels",
		"CreationDateTime": "20150825114217",
		"LastChangedDateTime": "20150825114217"
	},
	{
		"Product": "HT-2026",
		"ProductImage": "FOL39000000000004EXT40000000025602",
		"FileName": "Image of the Audio/Video Cable Kit - 12 ft",
		"MIMEType": "",
		"Description": "Image of the Audio/Video Cable Kit - 12 ft",
		"CreationDateTime": "20150825114218",
		"LastChangedDateTime": "20150825114218"
	},
	{
		"Product": "HT-2025",
		"ProductImage": "FOL39000000000004EXT40000000025603",
		"FileName": "Image of the CD/DVD case: 264 capacity",
		"MIMEType": "",
		"Description": "Image of the CD/DVD case: 264 capacity",
		"CreationDateTime": "20150825114219",
		"LastChangedDateTime": "20150825114219"
	},
	{
		"Product": "HT-2001",
		"ProductImage": "FOL39000000000004EXT40000000025746",
		"FileName": "Image of the 10\" Portable DVD Player",
		"MIMEType": "",
		"Description": "Image of the 10\" Portable DVD Player",
		"CreationDateTime": "20151016200149",
		"LastChangedDateTime": "20151016200149"
	},
	{
		"Product": "HT-1603",
		"ProductImage": "FOL39000000000004EXT40000000025610",
		"FileName": "Image of the Gaming Monster Pro",
		"MIMEType": "",
		"Description": "Image of the Gaming Monster Pro",
		"CreationDateTime": "20150825114226",
		"LastChangedDateTime": "20150825114226"
	},
	{
		"Product": "HT-1602",
		"ProductImage": "FOL39000000000004EXT40000000025611",
		"FileName": "Image of the Gaming Monster",
		"MIMEType": "",
		"Description": "Image of the Gaming Monster",
		"CreationDateTime": "20150825114227",
		"LastChangedDateTime": "20150825114227"
	},
	{
		"Product": "HT-1601",
		"ProductImage": "FOL39000000000004EXT40000000025612",
		"FileName": "Image of the Family PC Pro",
		"MIMEType": "",
		"Description": "Image of the Family PC Pro",
		"CreationDateTime": "20150825114228",
		"LastChangedDateTime": "20150825114228"
	},
	{
		"Product": "HT-1600",
		"ProductImage": "FOL39000000000004EXT40000000025613",
		"FileName": "Image of the Family PC Basic",
		"MIMEType": "",
		"Description": "Image of the Family PC Basic",
		"CreationDateTime": "20150825114229",
		"LastChangedDateTime": "20150825114229"
	},
	{
		"Product": "HT-1119",
		"ProductImage": "FOL39000000000004EXT40000000025614",
		"FileName": "Image of the Universal Travel Adapter",
		"MIMEType": "",
		"Description": "Image of the Universal Travel Adapter",
		"CreationDateTime": "20150825114230",
		"LastChangedDateTime": "20150825114230"
	},
	{
		"Product": "HT-8002",
		"ProductImage": "FOL39000000000004EXT40000000025617",
		"FileName": "Image of the USB Stick 2 GB",
		"MIMEType": "",
		"Description": "Image of the USB Stick 2 GB",
		"CreationDateTime": "20150825114233",
		"LastChangedDateTime": "20150825114233"
	},
	{
		"Product": "HT-8003",
		"ProductImage": "FOL39000000000004EXT40000000025618",
		"FileName": "Image of the USB Stick 2 GB",
		"MIMEType": "",
		"Description": "Image of the USB Stick 2 GB",
		"CreationDateTime": "20150825114234",
		"LastChangedDateTime": "20150825114234"
	},
	{
		"Product": "PF-1000",
		"ProductImage": "FOL39000000000004EXT40000000025619",
		"FileName": "",
		"MIMEType": "",
		"Description": "",
		"CreationDateTime": "20150825114235",
		"LastChangedDateTime": "20150825114235"
	},
	{
		"Product": "HT-9997",
		"ProductImage": "FOL39000000000004EXT40000000025622",
		"FileName": "Image of reader",
		"MIMEType": "",
		"Description": "Image of reader",
		"CreationDateTime": "20150825114238",
		"LastChangedDateTime": "20150825114238"
	},
	{
		"Product": "HT-9996",
		"ProductImage": "FOL39000000000004EXT40000000025623",
		"FileName": "Image of tablet case",
		"MIMEType": "",
		"Description": "Image of tablet case",
		"CreationDateTime": "20150825114239",
		"LastChangedDateTime": "20150825114239"
	},
	{
		"Product": "HT-9995",
		"ProductImage": "FOL39000000000004EXT40000000025624",
		"FileName": "Image of smartphone cover",
		"MIMEType": "",
		"Description": "Image of smartphone cover",
		"CreationDateTime": "20150825114240",
		"LastChangedDateTime": "20150825114240"
	},
	{
		"Product": "HT-9994",
		"ProductImage": "FOL39000000000004EXT40000000025625",
		"FileName": "Image of camcorder",
		"MIMEType": "",
		"Description": "Image of camcorder",
		"CreationDateTime": "20150825114241",
		"LastChangedDateTime": "20150825114241"
	},
	{
		"Product": "HT-9993",
		"ProductImage": "FOL39000000000004EXT40000000025626",
		"FileName": "Image of mini tablet pc",
		"MIMEType": "",
		"Description": "Image of mini tablet pc",
		"CreationDateTime": "20150825114243",
		"LastChangedDateTime": "20150825114243"
	},
	{
		"Product": "HT-9992",
		"ProductImage": "FOL39000000000004EXT40000000025627",
		"FileName": "Image of alpha smartphone",
		"MIMEType": "",
		"Description": "Image of alpha smartphone",
		"CreationDateTime": "20150825114245",
		"LastChangedDateTime": "20150825114245"
	},
	{
		"Product": "HT-9991",
		"ProductImage": "FOL39000000000004EXT40000000025628",
		"FileName": "Image of smartphone case",
		"MIMEType": "",
		"Description": "Image of smartphone case",
		"CreationDateTime": "20150825114247",
		"LastChangedDateTime": "20150825114247"
	},
	{
		"Product": "HT-2000",
		"ProductImage": "FOL39000000000004EXT40000000025749",
		"FileName": "Image of the 7\" Widescreen Portable DVD Player w M",
		"MIMEType": "",
		"Description": "Image of the 7\" Widescreen Portable DVD Player w M",
		"CreationDateTime": "20151016200200",
		"LastChangedDateTime": "20151016200200"
	},
	{
		"Product": "HT-1251",
		"ProductImage": "FOL39000000000004EXT40000000025752",
		"FileName": "Image of the Astro Laptop 1516",
		"MIMEType": "",
		"Description": "Image of the Astro Laptop 1516",
		"CreationDateTime": "20151016200217",
		"LastChangedDateTime": "20151016200217"
	},
	{
		"Product": "HT-1251",
		"ProductImage": "FOL39000000000004EXT40000000025753",
		"FileName": "Image of the Astro Laptop 1516",
		"MIMEType": "",
		"Description": "Image of the Astro Laptop 1516",
		"CreationDateTime": "20151016200222",
		"LastChangedDateTime": "20151016200222"
	},
	{
		"Product": "HT-1254",
		"ProductImage": "FOL39000000000004EXT40000000025649",
		"FileName": "Image of the Bending Screen 21HD",
		"MIMEType": "",
		"Description": "Image of the Bending Screen 21HD",
		"CreationDateTime": "20150827141247",
		"LastChangedDateTime": "20150827141247"
	},
	{
		"Product": "HT-1254",
		"ProductImage": "FOL39000000000004EXT40000000025650",
		"FileName": "Image of the Bending Screen 21HD",
		"MIMEType": "",
		"Description": "Image of the Bending Screen 21HD",
		"CreationDateTime": "20150827141248",
		"LastChangedDateTime": "20150827141248"
	},
	{
		"Product": "HT-1254",
		"ProductImage": "FOL39000000000004EXT40000000025651",
		"FileName": "Image of the Bending Screen 21HD",
		"MIMEType": "",
		"Description": "Image of the Bending Screen 21HD",
		"CreationDateTime": "20150827141250",
		"LastChangedDateTime": "20150827141250"
	},
	{
		"Product": "HT-1254",
		"ProductImage": "FOL39000000000004EXT40000000025652",
		"FileName": "Image of the Bending Screen 21HD",
		"MIMEType": "",
		"Description": "Image of the Bending Screen 21HD",
		"CreationDateTime": "20150827141251",
		"LastChangedDateTime": "20150827141251"
	},
	{
		"Product": "HT-1251",
		"ProductImage": "FOL39000000000004EXT40000000025754",
		"FileName": "Image of the Astro Laptop 1516",
		"MIMEType": "",
		"Description": "Image of the Astro Laptop 1516",
		"CreationDateTime": "20151016200228",
		"LastChangedDateTime": "20151016200228"
	},
	{
		"Product": "HT-1251",
		"ProductImage": "FOL39000000000004EXT40000000025755",
		"FileName": "Image of the Astro Laptop 1516",
		"MIMEType": "",
		"Description": "Image of the Astro Laptop 1516",
		"CreationDateTime": "20151016200235",
		"LastChangedDateTime": "20151016200235"
	},
	{
		"Product": "HT-1256",
		"ProductImage": "FOL39000000000004EXT40000000025656",
		"FileName": "Image of the Cerdik Phone 7",
		"MIMEType": "",
		"Description": "Image of the Cerdik Phone 7",
		"CreationDateTime": "20150827141258",
		"LastChangedDateTime": "20150827141258"
	},
	{
		"Product": "HT-1256",
		"ProductImage": "FOL39000000000004EXT40000000025657",
		"FileName": "Image of the Cerdik Phone 7",
		"MIMEType": "",
		"Description": "Image of the Cerdik Phone 7",
		"CreationDateTime": "20150827141300",
		"LastChangedDateTime": "20150827141300"
	},
	{
		"Product": "HT-1256",
		"ProductImage": "FOL39000000000004EXT40000000025658",
		"FileName": "Image of the Cerdik Phone 7",
		"MIMEType": "",
		"Description": "Image of the Cerdik Phone 7",
		"CreationDateTime": "20150827141302",
		"LastChangedDateTime": "20150827141302"
	},
	{
		"Product": "HT-1257",
		"ProductImage": "FOL39000000000004EXT40000000025659",
		"FileName": "Image of Cepat Tablet 10.5",
		"MIMEType": "",
		"Description": "Image of Cepat Tablet 10.5",
		"CreationDateTime": "20150827141304",
		"LastChangedDateTime": "20150827141304"
	},
	{
		"Product": "HT-1257",
		"ProductImage": "FOL39000000000004EXT40000000025660",
		"FileName": "Image of Cepat Tablet 10.5",
		"MIMEType": "",
		"Description": "Image of Cepat Tablet 10.5",
		"CreationDateTime": "20150827141306",
		"LastChangedDateTime": "20150827141306"
	},
	{
		"Product": "HT-1257",
		"ProductImage": "FOL39000000000004EXT40000000025661",
		"FileName": "Image of Cepat Tablet 10.5",
		"MIMEType": "",
		"Description": "Image of Cepat Tablet 10.5",
		"CreationDateTime": "20150827141307",
		"LastChangedDateTime": "20150827141307"
	},
	{
		"Product": "HT-1257",
		"ProductImage": "FOL39000000000004EXT40000000025662",
		"FileName": "Image of Cepat Tablet 10.5",
		"MIMEType": "",
		"Description": "Image of Cepat Tablet 10.5",
		"CreationDateTime": "20150827141309",
		"LastChangedDateTime": "20150827141309"
	},
	{
		"Product": "HT-1258",
		"ProductImage": "FOL39000000000004EXT40000000025663",
		"FileName": "Image of Cepat Tablet 8",
		"MIMEType": "",
		"Description": "Image of Cepat Tablet 8",
		"CreationDateTime": "20150827141311",
		"LastChangedDateTime": "20150827141311"
	},
	{
		"Product": "HT-1258",
		"ProductImage": "FOL39000000000004EXT40000000025664",
		"FileName": "Image of Cepat Tablet 8",
		"MIMEType": "",
		"Description": "Image of Cepat Tablet 8",
		"CreationDateTime": "20150827141313",
		"LastChangedDateTime": "20150827141313"
	},
	{
		"Product": "HT-1258",
		"ProductImage": "FOL39000000000004EXT40000000025665",
		"FileName": "Image of Cepat Tablet 8",
		"MIMEType": "",
		"Description": "Image of Cepat Tablet 8",
		"CreationDateTime": "20150827141315",
		"LastChangedDateTime": "20150827141315"
	},
	{
		"Product": "HT-1253",
		"ProductImage": "FOL39000000000004EXT40000000025668",
		"FileName": "Image of the Benda Laptop 1408",
		"MIMEType": "",
		"Description": "Image of the Benda Laptop 1408",
		"CreationDateTime": "20150827150827",
		"LastChangedDateTime": "20150827150827"
	},
	{
		"Product": "HT-1253",
		"ProductImage": "FOL39000000000004EXT40000000025669",
		"FileName": "Image of the Benda Laptop 1408",
		"MIMEType": "",
		"Description": "Image of the Benda Laptop 1408",
		"CreationDateTime": "20150827150829",
		"LastChangedDateTime": "20150827150829"
	},
	{
		"Product": "HT-1253",
		"ProductImage": "FOL39000000000004EXT40000000025670",
		"FileName": "Image of the Benda Laptop 1408",
		"MIMEType": "",
		"Description": "Image of the Benda Laptop 1408",
		"CreationDateTime": "20150827150831",
		"LastChangedDateTime": "20150827150831"
	},
	{
		"Product": "HT-1253",
		"ProductImage": "FOL39000000000004EXT40000000025671",
		"FileName": "Image of the Benda Laptop 1408",
		"MIMEType": "",
		"Description": "Image of the Benda Laptop 1408",
		"CreationDateTime": "20150827150832",
		"LastChangedDateTime": "20150827150832"
	},
	{
		"Product": "HT-1253",
		"ProductImage": "FOL39000000000004EXT40000000025672",
		"FileName": "Image of the Benda Laptop 1408",
		"MIMEType": "",
		"Description": "Image of the Benda Laptop 1408",
		"CreationDateTime": "20150827150834",
		"LastChangedDateTime": "20150827150834"
	},
	{
		"Product": "HT-1255",
		"ProductImage": "FOL39000000000004EXT40000000025760",
		"FileName": "Image of the Broad Screen 22HD",
		"MIMEType": "",
		"Description": "Image of the Broad Screen 22HD",
		"CreationDateTime": "20151016200307",
		"LastChangedDateTime": "20151016200307"
	},
	{
		"Product": "HT-1255",
		"ProductImage": "FOL39000000000004EXT40000000025761",
		"FileName": "Image of the Broad Screen 22HD",
		"MIMEType": "",
		"Description": "Image of the Broad Screen 22HD",
		"CreationDateTime": "20151016200312",
		"LastChangedDateTime": "20151016200312"
	},
	{
		"Product": "HT-1255",
		"ProductImage": "FOL39000000000004EXT40000000025762",
		"FileName": "Image of the Broad Screen 22HD",
		"MIMEType": "",
		"Description": "Image of the Broad Screen 22HD",
		"CreationDateTime": "20151016200320",
		"LastChangedDateTime": "20151016200320"
	}
]