[
	{
		"Product": "HT-1119",
		"OrgUnitName": "MARKETING",
		"PoItmQuantity": "4.000",
		"QuantityUnit": "EA"
	},
	{
		"Product": "HT-1110",
		"OrgUnitName": "MARKETING",
		"PoItmQuantity": "7.000",
		"QuantityUnit": "EA"
	},
	{
		"Product": "HT-1023",
		"OrgUnitName": "MARKETING",
		"PoItmQuantity": "4.000",
		"QuantityUnit": "EA"
	},
	{
		"Product": "HT-1073",
		"OrgUnitName": "SALES-EMEA",
		"PoItmQuantity": "4.000",
		"QuantityUnit": "EA"
	},
	{
		"Product": "HT-6121",
		"OrgUnitName": "SALES-EMEA",
		"PoItmQuantity": "4.000",
		"QuantityUnit": "EA"
	},
	{
		"Product": "HT-9998",
		"OrgUnitName": "STRATDEV",
		"PoItmQuantity": "6.000",
		"QuantityUnit": "EA"
	},
	{
		"Product": "HT-1040",
		"OrgUnitName": "STRATDEV",
		"PoItmQuantity": "7.000",
		"QuantityUnit": "EA"
	},
	{
		"Product": "HT-1117",
		"OrgUnitName": "STRATDEV",
		"PoItmQuantity": "6.000",
		"QuantityUnit": "EA"
	},
	{
		"Product": "HT-1501",
		"OrgUnitName": "IT-SECURITY",
		"PoItmQuantity": "6.000",
		"QuantityUnit": "EA"
	},
	{
		"Product": "HT-1056",
		"OrgUnitName": "IT-SECURITY",
		"PoItmQuantity": "5.000",
		"QuantityUnit": "EA"
	},
	{
		"Product": "HT-9991",
		"OrgUnitName": "IT-SECURITY",
		"PoItmQuantity": "4.000",
		"QuantityUnit": "EA"
	},
	{
		"Product": "HT-1042",
		"OrgUnitName": "SALESOP",
		"PoItmQuantity": "3.000",
		"QuantityUnit": "EA"
	},
	{
		"Product": "HT-1120",
		"OrgUnitName": "SALESOP",
		"PoItmQuantity": "4.000",
		"QuantityUnit": "EA"
	},
	{
		"Product": "HT-9996",
		"OrgUnitName": "SALESOP",
		"PoItmQuantity": "2.000",
		"QuantityUnit": "EA"
	},
	{
		"Product": "HT-1116",
		"OrgUnitName": "STRATDEV",
		"PoItmQuantity": "7.000",
		"QuantityUnit": "EA"
	},
	{
		"Product": "HT-9999",
		"OrgUnitName": "STRATDEV",
		"PoItmQuantity": "8.000",
		"QuantityUnit": "EA"
	},
	{
		"Product": "HT-1037",
		"OrgUnitName": "STRATDEV",
		"PoItmQuantity": "4.000",
		"QuantityUnit": "EA"
	},
	{
		"Product": "HT-1252",
		"OrgUnitName": "PURCHASE",
		"PoItmQuantity": "3.000",
		"QuantityUnit": "EA"
	},
	{
		"Product": "HT-6130",
		"OrgUnitName": "PURCHASE",
		"PoItmQuantity": "3.000",
		"QuantityUnit": "EA"
	},
	{
		"Product": "HT-1061",
		"OrgUnitName": "PURCHASE",
		"PoItmQuantity": "2.000",
		"QuantityUnit": "EA"
	},
	{
		"Product": "HT-1501",
		"OrgUnitName": "STRATDEV",
		"PoItmQuantity": "3.000",
		"QuantityUnit": "EA"
	},
	{
		"Product": "HT-1056",
		"OrgUnitName": "STRATDEV",
		"PoItmQuantity": "5.000",
		"QuantityUnit": "EA"
	},
	{
		"Product": "HT-9991",
		"OrgUnitName": "STRATDEV",
		"PoItmQuantity": "1.000",
		"QuantityUnit": "EA"
	},
	{
		"Product": "HT-1011",
		"OrgUnitName": "HARDWPROD",
		"PoItmQuantity": "4.000",
		"QuantityUnit": "EA"
	},
	{
		"Product": "HT-1603",
		"OrgUnitName": "HARDWPROD",
		"PoItmQuantity": "4.000",
		"QuantityUnit": "EA"
	},
	{
		"Product": "HT-1104",
		"OrgUnitName": "HARDWPROD",
		"PoItmQuantity": "4.000",
		"QuantityUnit": "EA"
	}
]