[
	{
		"Supplier": "100000000",
		"CompanyName": "SAP",
		"EmailAddress": "do.not.reply@sap.com",
		"FaxNumber": "0622734004",
		"PhoneNumber": "0622734567",
		"URL": "http://www.sap.com"
	},
	{
		"Supplier": "100000001",
		"CompanyName": "Becker Berlin",
		"EmailAddress": "dagmar.schulze@beckerberlin.de",
		"FaxNumber": "3088004",
		"PhoneNumber": "3088530",
		"URL": "http://www.beckerberlin.de"
	},
	{
		"Supplier": "100000002",
		"CompanyName": "DelBont Industries",
		"EmailAddress": "maria.brown@delbont.com",
		"FaxNumber": "3023352004",
		"PhoneNumber": "3023352668",
		"URL": "http://www.delbont.com"
	},
	{
		"Supplier": "100000003",
		"CompanyName": "Talpa",
		"EmailAddress": "saskia.sommer@talpa-hannover.de",
		"FaxNumber": "511403004",
		"PhoneNumber": "511403266",
		"URL": "http://www.talpa-hannover.de"
	},
	{
		"Supplier": "100000004",
		"CompanyName": "Panorama Studios",
		"EmailAddress": "bob.buyer@panorama-studios.biz",
		"FaxNumber": "2244668004",
		"PhoneNumber": "2244668800",
		"URL": "http://www.panorama-studios.biz"
	},
	{
		"Supplier": "100000005",
		"CompanyName": "TECUM",
		"EmailAddress": "bart.koenig@tecum-ag.de",
		"FaxNumber": "2511004",
		"PhoneNumber": "2511415",
		"URL": "http://www.tecum-ag.de"
	},
	{
		"Supplier": "100000006",
		"CompanyName": "Asia High tech",
		"EmailAddress": "yoko.nakamura@asia-ht.com",
		"FaxNumber": "9078563004",
		"PhoneNumber": "9078563412",
		"URL": "http://www.asia-ht.com"
	},
	{
		"Supplier": "100000007",
		"CompanyName": "Laurent",
		"EmailAddress": "sophie.ribery@laurent-paris.com",
		"FaxNumber": "149744004",
		"PhoneNumber": "149744423",
		"URL": "http://www.laurent-paris.com"
	},
	{
		"Supplier": "100000008",
		"CompanyName": "AVANTEL",
		"EmailAddress": "victor.sanchez@avantel.com",
		"FaxNumber": "7257004",
		"PhoneNumber": "7257716",
		"URL": "http://www.avantel.com"
	},
	{
		"Supplier": "100000009",
		"CompanyName": "Telecomunicaciones Star",
		"EmailAddress": "jorge.velez@telecomunicacionesstar.com",
		"FaxNumber": "1133557004",
		"PhoneNumber": "1133557799",
		"URL": "http://www.telecomunicacionesstar.com"
	},
	{
		"Supplier": "100000010",
		"CompanyName": "Pear Computing Services",
		"EmailAddress": "franklin.jones@pear-computing.com",
		"FaxNumber": "6789012004",
		"PhoneNumber": "6789012345",
		"URL": "http://www.pear-computing.com"
	},
	{
		"Supplier": "100000011",
		"CompanyName": "Alpine Systems",
		"EmailAddress": "joseph_gschwandtner@alp-systems.at",
		"FaxNumber": "6623612004",
		"PhoneNumber": "6623612804",
		"URL": "http://www.alp-systems.at"
	},
	{
		"Supplier": "100000012",
		"CompanyName": "New Line Design",
		"EmailAddress": "george_d_grant@newlinedesign.co.uk",
		"FaxNumber": "2589436004",
		"PhoneNumber": "2589436180",
		"URL": "http://www.newlinedesign.co.uk"
	},
	{
		"Supplier": "100000013",
		"CompanyName": "HEPA Tec",
		"EmailAddress": "sarah.schwind@hepa-tec.de",
		"FaxNumber": "4507867004",
		"PhoneNumber": "4507867136",
		"URL": "http://www.hepa-tec.de"
	},
	{
		"Supplier": "100000014",
		"CompanyName": "Anav Ideon",
		"EmailAddress": "theodor.monathy@anavideon.com",
		"FaxNumber": "5850428004",
		"PhoneNumber": "5850428367",
		"URL": "http://www.anavideon.com"
	},
	{
		"Supplier": "100000015",
		"CompanyName": "Robert Brown Entertainment",
		"EmailAddress": "robert_brown@rb-entertainment.ca",
		"FaxNumber": "7609448004",
		"PhoneNumber": "7609448173",
		"URL": "http://www.rb-entertainment.ca"
	},
	{
		"Supplier": "100000016",
		"CompanyName": "Mexican Oil Trading Company",
		"EmailAddress": "jorgemontalban@motc.mx",
		"FaxNumber": "6879342004",
		"PhoneNumber": "6879342945",
		"URL": "http://www.motc.mx"
	},
	{
		"Supplier": "100000017",
		"CompanyName": "Meliva",
		"EmailAddress": "johanna.esther@meliva.de",
		"FaxNumber": "2208791004",
		"PhoneNumber": "2208791738",
		"URL": "http://www.meliva.de"
	},
	{
		"Supplier": "100000018",
		"CompanyName": "Compostela",
		"EmailAddress": "miguel.luengo@compostela.ar",
		"FaxNumber": "4440238004",
		"PhoneNumber": "4440238917",
		"URL": "http://www.compostela.ar"
	},
	{
		"Supplier": "100000019",
		"CompanyName": "Pateu",
		"EmailAddress": "isabel.nemours@pateu.fr",
		"FaxNumber": "6328490004",
		"PhoneNumber": "6328490087",
		"URL": "http://www.pateu.fr"
	},
	{
		"Supplier": "100000020",
		"CompanyName": "Russian Electronic Trading Company",
		"EmailAddress": "igor.tarassow@retc.ru",
		"FaxNumber": "4050378004",
		"PhoneNumber": "4050378468",
		"URL": "http://www.retc.ru"
	},
	{
		"Supplier": "100000021",
		"CompanyName": "Florida Holiday Company",
		"EmailAddress": "alexis.harper@flor-hc.com",
		"FaxNumber": "6065470004",
		"PhoneNumber": "6065470312",
		"URL": "http://www.flor-hc.com"
	},
	{
		"Supplier": "100000022",
		"CompanyName": "Quimica Madrilenos",
		"EmailAddress": "c.alfaro@quimica-madrilenos.es",
		"FaxNumber": "7980023004",
		"PhoneNumber": "7980023486",
		"URL": "http://www.quimica-madrilenos.es"
	},
	{
		"Supplier": "100000023",
		"CompanyName": "Getränkegroßhandel Janssen",
		"EmailAddress": "sven.j@getraenke-janssen.de",
		"FaxNumber": "3629731004",
		"PhoneNumber": "3629731486",
		"URL": "http://www.getraenke-janssen.de"
	},
	{
		"Supplier": "100000024",
		"CompanyName": "JaTeCo",
		"EmailAddress": "yoshiko.kakuji@jateco.jp",
		"FaxNumber": "3206580004",
		"PhoneNumber": "3206580974",
		"URL": "http://www.jateco.jp"
	},
	{
		"Supplier": "100000025",
		"CompanyName": "Tessile Casa Di Roma",
		"EmailAddress": "alessio.galasso@tcdr.it",
		"FaxNumber": "4580963004",
		"PhoneNumber": "4580963184",
		"URL": "http://www.tcdr.it"
	},
	{
		"Supplier": "100000026",
		"CompanyName": "Vente Et Réparation de Ordinateur",
		"EmailAddress": "romain.le_mason@verdo.fr",
		"FaxNumber": "1012697004",
		"PhoneNumber": "1012697341",
		"URL": "http://www.verdo.fr"
	},
	{
		"Supplier": "100000027",
		"CompanyName": "Developement Para O Governo",
		"EmailAddress": "martha.calcagno@dpg.ar",
		"FaxNumber": "7345697004",
		"PhoneNumber": "7345697824",
		"URL": "http://www.dpg.ar"
	},
	{
		"Supplier": "100000028",
		"CompanyName": "Brazil Technologies",
		"EmailAddress": "beatriz.da_silva@brazil-tec.br",
		"FaxNumber": "469614004",
		"PhoneNumber": "469614115",
		"URL": "http://www.brazil-tec.br"
	},
	{
		"Supplier": "100000029",
		"CompanyName": "C.R.T.U.",
		"EmailAddress": "anthony.lebouef@crtu.ca",
		"FaxNumber": "6839542004",
		"PhoneNumber": "6839542781",
		"URL": "http://www.crtu.ca"
	},
	{
		"Supplier": "100000030",
		"CompanyName": "Jologa",
		"EmailAddress": "lisa.felske@jologa.ch",
		"FaxNumber": "6714954004",
		"PhoneNumber": "6714954542",
		"URL": "http://www.jologa.ch"
	},
	{
		"Supplier": "100000031",
		"CompanyName": "Baleda",
		"EmailAddress": "jonathan.d.mason@baleda.com",
		"FaxNumber": "2483693004",
		"PhoneNumber": "2483693027",
		"URL": "http://www.baleda.com"
	},
	{
		"Supplier": "100000032",
		"CompanyName": "Angeré",
		"EmailAddress": "amelie.troyat@angere.fr",
		"FaxNumber": "2094573004",
		"PhoneNumber": "2094573421",
		"URL": "http://www.angere.fr"
	},
	{
		"Supplier": "100000033",
		"CompanyName": "PC Gym Tec",
		"EmailAddress": "pete_waltham@pc-gym-tec.com",
		"FaxNumber": "4136278004",
		"PhoneNumber": "4136278910",
		"URL": "http://www.pc-gym-tec.com"
	},
	{
		"Supplier": "100000034",
		"CompanyName": "Japan Insurance Partner",
		"EmailAddress": "ryu.toshiro@jip.jp",
		"FaxNumber": "3540671004",
		"PhoneNumber": "3540671320",
		"URL": "http://www.jip.jp"
	},
	{
		"Supplier": "100000035",
		"CompanyName": "Entertainment Argentinia",
		"EmailAddress": "jose-lopez@en-ar.ar",
		"FaxNumber": "7315064004",
		"PhoneNumber": "7315064077",
		"URL": "http://www.en-ar.ar"
	},
	{
		"Supplier": "100000036",
		"CompanyName": "African Gold And Diamond Corporation",
		"EmailAddress": "dahoma.lawla@agadc.co.za",
		"FaxNumber": "4381762004",
		"PhoneNumber": "4381762683",
		"URL": "http://www.agadc.co.za"
	},
	{
		"Supplier": "100000037",
		"CompanyName": "PicoBit",
		"EmailAddress": "jefferson.parker@pico-bit.com",
		"FaxNumber": "9703586004",
		"PhoneNumber": "9703586412",
		"URL": "http://www.pico-bit.com"
	},
	{
		"Supplier": "100000038",
		"CompanyName": "Bionic Research Lab",
		"EmailAddress": "tamara.flaig@brl-ag.de",
		"FaxNumber": "6843585004",
		"PhoneNumber": "6843585642",
		"URL": "http://www.brl-ag.de"
	},
	{
		"Supplier": "100000039",
		"CompanyName": "Indian IT Trading Company",
		"EmailAddress": "sunita-kapoor@it-trade.in",
		"FaxNumber": "4203876004",
		"PhoneNumber": "4203876954",
		"URL": "http://www.it-trade.in"
	},
	{
		"Supplier": "100000040",
		"CompanyName": "Chemia A Technicznie Fabryka",
		"EmailAddress": "pawel-lewandoski@catf.pl",
		"FaxNumber": "8367920004",
		"PhoneNumber": "8367920106",
		"URL": "http://www.catf.pl"
	},
	{
		"Supplier": "100000041",
		"CompanyName": "South American IT Company",
		"EmailAddress": "laura.campillo@saitc.ar",
		"FaxNumber": "1438907004",
		"PhoneNumber": "1438907230",
		"URL": "http://www.saitc.ar"
	},
	{
		"Supplier": "100000042",
		"CompanyName": "Siwusha",
		"EmailAddress": "jian.si@siwusha.cn",
		"FaxNumber": "7412697004",
		"PhoneNumber": "7412697340",
		"URL": "http://www.siwusha.cn"
	},
	{
		"Supplier": "100000043",
		"CompanyName": "Danish Fish Trading Company",
		"EmailAddress": "frederik.christensen@dftc.dk",
		"FaxNumber": "3102050004",
		"PhoneNumber": "3102050749",
		"URL": "http://www.dftc.dk"
	},
	{
		"Supplier": "100000044",
		"CompanyName": "Sorali",
		"EmailAddress": "mirjam.schmidt@sorali.de",
		"FaxNumber": "3102050004",
		"PhoneNumber": "3102050749",
		"URL": "http://www.sorali.de"
	}
]