{
	"welcomeFile": "/index.html",
	"securityConstraints": [{
		"permission": "AccessNorthwindBackend",
		"description": "Access Northwind Backend",
		"protectedPaths": [
			"/northwind"
		]
	}],
	"routes": [{
		"path": "/northwind",
		"target": {
			"type": "destination",
			"name": "northwind"
		},
		"description": "Northwind OData Service"
	}, {
		"path": "/resources",
		"target": {
			"type": "application",
			"name": "sapui5preview",
			"entryPath": "/resources"
		},
		"description": "SAPUI5 Resources"
	}, {
		"path": "/resources",
		"target": {
			"type": "service",
			"name": "sapui5",
			"entryPath": "/resources"
		},
		"description": "SAPUI5 Resources"
	}, {
		"path": "/test-resources",
		"target": {
			"type": "application",
			"name": "sapui5preview",
			"entryPath": "/test-resources"
		},
		"description": "SAPUI5 Resources"
	}, {
		"path": "/test-resources",
		"target": {
			"type": "service",
			"name": "sapui5",
			"entryPath": "/test-resources"
		},
		"description": "SAPUI5 Resources"
	}, {
		"path": "/webapp/resources",
		"target": {
			"type": "application",
			"name": "sapui5preview",
			"entryPath": "/resources"
		},
		"description": "SAPUI5 Resources"
	}, {
		"path": "/webapp/resources",
		"target": {
			"type": "service",
			"name": "sapui5",
			"entryPath": "/resources"
		},
		"description": "SAPUI5 Resources"
	}, {
		"path": "/webapp/test-resources",
		"target": {
			"type": "application",
			"name": "sapui5preview",
			"entryPath": "/test-resources"
		},
		"description": "SAPUI5 Test Resources"
	}, {
		"path": "/webapp/test-resources",
		"target": {
			"type": "service",
			"name": "sapui5",
			"entryPath": "/test-resources"
		},
		"description": "SAPUI5 Test Resources"
	}],
	"sendWelcomeFileRedirect": true
}