{
  "Component-preload.js": 1671186566198,
  "controller/View1.controller.js": 1671183922744,
  "utils/locate-reuse-libs.js": 1671183922736,
  "model/models.js": 1671183922736,
  "manifest.json": 1671186565791,
  "controller/List.controller.js": 1671186220562,
  "controller/Detail.controller.js": 1671186378482,
  "controller/App.controller.js": 1671183922736,
  "Component.js": 1671183922728,
  "i18n/i18n.properties": 1671185911979,
  "controller/View1-dbg.controller.js": 1671183922744,
  "model/models-dbg.js": 1671183922736,
  "utils/locate-reuse-libs-dbg.js": 1671183922736,
  "controller/List-dbg.controller.js": 1671186220562,
  "controller/Detail-dbg.controller.js": 1671186378482,
  "controller/App-dbg.controller.js": 1671183922736,
  "Component-dbg.js": 1671183922728,
  "view/View1.view.xml": 1671183922740,
  "view/List.view.xml": 1671186087642,
  "view/Detail.view.xml": 1671186275398,
  "view/App.view.xml": 1671183922740,
  "css/style.css": 1671183922740,
  "index.html": 1671183922728
}